run,name,total_mass_source,network_snr,far_min,p_astro,cwb_detected,madgrav,madgrav_asrun
O3a,GW190403_051519,106.6,8.0,7.7,0.61,False,False,False
O3a,GW190408_181802,43.4,14.7,1e-05,1.0,True,False,True
O3a,GW190412_053044,36.8,18.2,1e-05,1.0,True,True,True
O3a,GW190413_052954,58.0,8.5,0.82,0.93,False,False,False
O3a,GW190413_134308,81.3,8.9,0.18,0.99,False,False,False
O3a,GW190421_213856,73.6,10.5,0.0028,1.0,True,False,False
O3a,GW190425_081805,3.4,12.9,0.034,0.78,False,False,False
O3a,GW190426_190642,182.3,9.6,4.1,0.75,False,False,False
O3a,GW190503_185404,69.4,12.0,1e-05,1.0,True,False,False
O3a,GW190512_180714,35.8,12.2,1e-05,1.0,True,False,False
O3a,GW190513_205428,54.4,12.3,1.3000000000000001e-05,1.0,False,True,True
O3a,GW190514_065416,69.3,8.4,2.8,0.76,False,False,False
O3a,GW190517_055101,64.1,10.3,0.00035,1.0,True,False,False
O3a,GW190519_153544,105.6,12.4,1e-05,1.0,True,False,True
O3a,GW190521_030229,153.1,13.6,0.0013,1.0,True,False,False
O3a,GW190521_074359,76.3,22.2,1e-05,1.0,True,False,True
O3a,GW190527_092055,58.1,8.7,0.23,0.85,False,False,False
O3a,GW190602_175927,115.6,12.3,1e-05,1.0,True,False,True
O3a,GW190620_030421,92.7,10.9,0.011,0.99,False,False,False
O3a,GW190630_185205,59.4,15.2,1e-05,1.0,False,False,False
O3a,GW190701_203306,94.3,11.7,0.0057,1.0,True,False,False
O3a,GW190706_222641,112.6,12.5,5e-05,1.0,True,False,True
O3a,GW190707_093326,20.1,13.2,1e-05,1.0,False,False,False
O3a,GW190708_232457,31.4,13.1,0.00031,1.0,False,False,False
O3a,GW190719_215514,57.2,8.0,0.63,0.92,False,False,False
O3a,GW190720_000836,21.8,11.5,1e-05,1.0,False,False,False
O3a,GW190725_174728,18.3,9.1,0.46,0.96,False,False,False
O3a,GW190727_060333,68.8,12.1,1e-05,1.0,True,False,True
O3a,GW190728_064510,20.7,13.4,1e-05,1.0,False,False,False
O3a,GW190731_140936,70.7,8.5,0.33,0.83,False,False,False
O3a,GW190803_022701,65.0,9.1,0.073,0.97,False,False,False
O3a,GW190805_211137,76.7,8.3,0.63,0.95,False,False,False
O3a,GW190814_211039,25.9,22.2,1e-05,1.0,False,False,False
O3a,GW190828_063405,57.2,15.2,1e-05,1.0,True,True,True
O3a,GW190828_065509,34.3,11.1,3.5000000000000004e-05,1.0,False,False,False
O3a,GW190910_112807,78.0,13.4,0.0029,1.0,False,False,False
O3a,GW190915_235702,57.2,13.0,1e-05,1.0,True,False,False
O3a,GW190916_200658,68.0,7.9,4.7,0.66,False,False,False
O3a,GW190917_114630,11.8,9.5,0.66,0.77,False,False,False
O3a,GW190924_021846,13.9,13.0,1e-05,1.0,False,False,False
O3a,GW190925_232845,36.7,9.9,0.0072,0.99,False,False,False
O3a,GW190926_050336,61.9,9.0,1.1,0.54,False,False,False
O3a,GW190929_012149,93.3,10.1,0.16,0.87,False,False,False
O3a,GW190930_133541,21.2,10.0,0.012,1.0,False,False,False
O3b,GW191103_012549,20,9.3,0.46,0.94,False,False,False
O3b,GW191105_143521,18.5,9.8,0.012,0.99,False,False,False
O3b,GW191109_010717,112,15.2,0.00018,0.99,True,False,False
O3b,GW191113_071753,34.5,9.2,26,0.68,False,False,False
O3b,GW191126_115259,20.7,8.5,3.2,0.7,False,False,False
O3b,GW191127_050227,80,10.3,0.25,0.74,False,False,False
O3b,GW191129_134029,17.5,13.3,1e-05,0.99,False,False,False
O3b,GW191204_110529,47.1,8.9,3.3,0.74,False,False,False
O3b,GW191204_171526,20.19,15.6,1e-05,0.99,True,False,False
O3b,GW191215_223052,43.3,10.9,1e-05,0.99,True,False,False
O3b,GW191216_213338,19.8,18.6,1e-05,0.99,False,False,False
O3b,GW191219_163120,32.3,8.9,4,0.82,False,False,False
O3b,GW191222_033537,79,12,1e-05,0.99,True,True,True
O3b,GW191230_180458,86,10.3,0.13,0.96,True,False,False
O3b,GW200112_155838,63.9,17.6,1e-05,0.99,False,False,False
O3b,GW200115_042309,7.4,11.5,1e-05,0.99,False,False,False
O3b,GW200128_022011,75,9.9,0.0043,0.99,False,False,False
O3b,GW200129_065458,63.3,26.5,1e-05,0.99,False,True,True
O3b,GW200202_154313,17.58,11.3,1e-05,0.99,False,False,False
O3b,GW200208_130117,65.3,10.8,0.00031,0.99,False,False,False
O3b,GW200208_222617,63,7.9,4.8,0.7,False,False,False
O3b,GW200209_085452,62.6,10,0.046,0.97,False,False,False
O3b,GW200210_092254,27,9.5,1.2,0.54,False,False,False
O3b,GW200216_220804,81,9.4,0.35,0.77,False,False,False
O3b,GW200219_094415,65,10.7,0.00099,0.99,True,False,False
O3b,GW200220_061928,148,7.5,6.8,0.62,False,False,False
O3b,GW200220_124850,67,7.8,30,0.83,False,False,False
O3b,GW200224_222234,72.3,18.9,1e-05,0.99,True,True,True
O3b,GW200225_060421,33.5,12.3,1.1e-05,0.99,True,False,False
O3b,GW200302_015811,57.8,10.6,0.11,0.91,False,False,False
O3b,GW200306_093714,43.9,8,24,0.81,False,False,False
O3b,GW200308_173609,92,8,2.4,0.86,False,False,False
O3b,GW200311_115853,61.9,17.7,1e-05,0.99,True,True,True
O3b,GW200316_215756,21.2,10.1,1e-05,0.99,False,False,False
O3b,GW200322_091133,50,7.7,140,0.62,False,False,False
O4a,GW230518_125908,9.61,13.7,1e-05,0.99,False,False,False
O4a,GW230529_181500,5.08,11.4,0.00022000000000000003,0.99,False,False,False
O4a,GW230601_224134,107.0,11.8,1e-05,0.99,True,True,True
O4a,GW230605_065343,28.6,11.1,1e-05,0.99,False,False,False
O4a,GW230606_004305,63.3,10.7,0.00041,0.99,True,False,False
O4a,GW230608_205047,79.0,10.2,0.0011,0.99,True,False,False
O4a,GW230609_064958,60.5,9.6,0.0001,0.99,True,False,False
O4a,GW230624_113103,42.6,10.0,0.00017,0.99,True,False,False
O4a,GW230627_015337,14.23,28.3,1e-05,0.99,True,True,True
O4a,GW230628_231200,59.2,15.3,1e-05,0.99,True,False,True
O4a,GW230630_125806,84.0,8.1,0.048,0.99,True,False,False
O4a,GW230630_234532,16.8,9.9,0.00042,0.99,False,False,False
O4a,GW230702_185453,60.0,9.8,1e-05,0.99,True,False,False
O4a,GW230704_021211,53.0,9.2,0.037,0.99,False,False,False
O4a,GW230704_212616,140.0,8.7,0.51,0.93,False,False,False
O4a,GW230706_104333,28.0,9.2,0.22,0.99,False,False,False
O4a,GW230707_124047,82.0,10.5,0.00042,0.99,True,False,False
O4a,GW230708_053705,51.7,8.9,0.028,0.99,False,False,False
O4a,GW230708_230935,104.0,9.4,0.001,0.99,False,False,False
O4a,GW230709_122727,74.0,10.0,0.0009699999999999999,0.99,True,False,False
O4a,GW230712_090405,45.1,8.2,0.018,0.99,True,False,False
O4a,GW230723_101834,27.6,10.1,0.00022000000000000003,0.99,False,False,False
O4a,GW230726_002940,63.7,10.5,1e-05,0.99,False,False,False
O4a,GW230729_082317,20.3,9.5,0.17,0.98,False,False,False
O4a,GW230731_215307,18.2,12.2,1e-05,0.99,False,False,False
O4a,GW230803_033412,74.0,8.2,0.044,0.99,False,False,False
O4a,GW230805_034249,56.0,9.4,0.00029,0.99,False,False,False
O4a,GW230806_204041,86.0,9.1,0.0035,0.99,True,False,False
O4a,GW230811_032116,57.7,12.9,1e-05,0.99,True,False,False
O4a,GW230814_061920,109.0,10.2,0.00059,0.99,True,False,False
O4a,GW230814_230901,62.0,42.3,1e-05,0.99,False,False,False
O4a,GW230819_171910,108.0,9.0,0.011,0.99,True,False,False
O4a,GW230820_212515,97.0,9.1,0.24,0.98,False,False,False
O4a,GW230824_033047,88.0,10.5,1e-05,0.99,True,True,True
O4a,GW230825_041334,69.0,8.7,0.093,0.99,False,False,False
O4a,GW230831_015414,73.0,8.5,0.036,0.99,False,False,False
O4a,GW230904_051013,17.9,10.5,3.7000000000000005e-05,0.99,False,False,False
O4a,GW230911_195324,55.5,11.1,0.001,0.99,False,False,False
O4a,GW230914_111401,95.0,15.9,1e-05,0.99,True,True,True
O4a,GW230919_215712,49.0,16.3,1e-05,0.99,True,True,True
O4a,GW230920_071124,56.1,10.1,1e-05,0.99,True,False,False
O4a,GW230922_020344,69.7,12.3,1e-05,0.99,True,False,False
O4a,GW230922_040658,125.0,11.6,1e-05,0.99,True,True,True
O4a,GW230924_124453,51.7,13.3,1e-05,0.99,True,True,True
O4a,GW230927_043729,62.2,11.3,1e-05,0.99,True,False,False
O4a,GW230927_153832,38.3,19.8,1e-05,0.99,True,True,True
O4a,GW230928_215827,85.0,9.5,1.4e-05,0.99,True,False,False
O4a,GW230930_110730,59.0,8.3,0.095,0.99,False,False,False
O4a,GW231001_140220,115.0,10.3,1.5000000000000002e-05,0.99,True,False,False
O4a,GW231004_232346,100.0,7.9,0.16,0.97,True,False,False
O4a,GW231005_021030,131.0,9.7,0.01,0.99,True,False,False
O4a,GW231005_091549,50.4,8.9,0.04,0.99,False,False,False
O4a,GW231008_142521,71.0,9.3,0.0015,0.99,False,False,False
O4a,GW231014_040532,35.8,9.0,0.21,0.98,False,False,False
O4a,GW231018_233037,19.0,9.1,0.68,0.93,False,False,False
O4a,GW231020_142947,19.8,11.9,1e-05,0.99,False,False,False
O4a,GW231028_153006,153.0,21.0,1e-05,0.99,True,True,True
O4a,GW231029_111508,106.0,10.8,5.1e-05,0.99,False,False,False
O4a,GW231102_071736,103.0,13.8,1e-05,0.99,True,True,True
O4a,GW231104_133418,21.0,11.3,1e-05,0.99,False,False,False
O4a,GW231108_125142,40.7,12.6,1e-05,0.99,True,False,False
O4a,GW231110_040320,32.4,11.4,1e-05,0.99,False,False,False
O4a,GW231113_122623,67.0,8.6,0.063,0.99,False,False,False
O4a,GW231113_200417,19.2,10.5,2.7000000000000002e-05,0.99,False,False,False
O4a,GW231114_043211,31.2,10.0,0.00012,0.99,False,False,False
O4a,GW231118_005626,31.6,10.7,1e-05,0.99,False,False,False
O4a,GW231118_071402,73.0,9.2,0.00022000000000000003,0.99,True,False,False
O4a,GW231118_090602,20.8,10.8,1e-05,0.99,False,False,False
O4a,GW231119_075248,83.0,8.3,0.0029,0.99,False,False,False
O4a,GW231123_135430,241.0,20.1,1e-05,0.99,True,True,True
O4a,GW231127_165300,74.0,9.8,0.01,0.99,True,False,False
O4a,GW231129_081745,69.0,8.5,0.056,0.99,True,False,False
O4a,GW231206_233134,62.4,11.9,1e-05,0.99,True,False,False
O4a,GW231206_233901,66.5,20.7,1e-05,0.99,True,True,True
O4a,GW231213_111417,62.8,10.2,1e-05,0.99,True,False,False
O4a,GW231221_135041,76.0,8.4,0.54,0.96,True,False,False
O4a,GW231223_032836,77.0,9.4,0.00036,0.99,True,False,False
O4a,GW231223_075055,19.0,9.4,0.23,0.98,False,False,False
O4a,GW231223_202619,19.7,10.0,0.002,0.99,False,False,False
O4a,GW231224_024321,16.68,13.0,1e-05,0.99,False,False,False
O4a,GW231226_101520,75.1,34.2,1e-05,0.99,True,True,True
O4a,GW231230_170116,89.0,8.0,0.42,0.96,True,False,False
O4a,GW231231_154016,39.9,13.4,1e-05,0.99,False,False,False
O4a,GW240104_164932,75.0,14.8,1e-05,0.99,False,False,False
O4a,GW240107_013215,89.0,9.1,0.0094,0.99,True,False,False
O4a,GW240109_050431,47.2,10.4,0.00022000000000000003,0.99,False,False,False
O4b,GW240413_022019,13.56,17.1,1e-05,0.99,True,False,False
O4b,GW240414_054515,65.0,10.8,5.3e-05,0.99,False,False,False
O4b,GW240420_175625,58.6,9.9,0.078,0.98,False,False,False
O4b,GW240426_031451,88.0,9.8,3.8e-05,0.99,True,False,False
O4b,GW240428_225440,34.6,15.5,1e-05,0.99,False,False,False
O4b,GW240501_033534,66.0,10.2,1e-05,0.99,True,False,False
O4b,GW240505_133552,54.0,8.7,0.13,0.98,True,False,False
O4b,GW240507_041632,39.9,9.4,0.00025,0.99,False,False,False
O4b,GW240511_031507,72.6,15.9,1e-05,0.99,True,False,False
O4b,GW240512_024139,20.7,11.1,1e-05,0.99,False,False,False
O4b,GW240513_183302,41.4,14.5,1e-05,0.99,True,False,False
O4b,GW240514_121713,82.7,15.6,1e-05,0.99,True,False,True
O4b,GW240515_005301,56.3,11.6,1e-05,0.99,False,False,False
O4b,GW240519_012815,104.0,10.6,0.014,0.99,False,False,False
O4b,GW240520_213616,19.6,11.6,1e-05,0.99,False,False,False
O4b,GW240525_031210,52.8,9.1,0.29,0.97,False,False,False
O4b,GW240526_093944,23.2,9.7,0.14,0.97,False,False,False
O4b,GW240527_183429,84.0,9.9,0.00017,0.99,True,False,False
O4b,GW240527_230910,37.5,11.0,1.4e-05,0.99,False,False,False
O4b,GW240530_012417,22.6,10.8,1e-05,0.99,False,False,False
O4b,GW240531_040326,34.0,8.7,0.87,0.95,False,False,False
O4b,GW240531_075248,55.6,9.2,0.0039,0.99,False,False,False
O4b,GW240601_061200,85.0,10.0,0.082,0.99,True,False,False
O4b,GW240601_231004,18.6,10.4,2.6000000000000002e-05,0.99,False,False,False
O4b,GW240612_081540,92.0,8.4,0.56,0.92,False,False,False
O4b,GW240615_113620,60.4,25.8,1e-05,0.99,True,True,True
O4b,GW240615_160735,48.5,10.5,2.8e-05,0.99,False,False,False
O4b,GW240618_071627,105.0,8.0,0.16,0.98,True,False,False
O4b,GW240621_195059,66.0,27.2,1e-05,0.99,True,True,True
O4b,GW240621_200935,73.0,10.7,0.0012,0.99,True,False,False
O4b,GW240621_214041,76.0,7.9,0.038,0.99,False,False,False
O4b,GW240622_004008,30.2,12.5,1e-05,0.99,True,False,False
O4b,GW240627_131622,20.1,9.8,0.087,0.99,False,False,False
O4b,GW240629_145256,18.9,12.6,1e-05,0.99,False,False,False
O4b,GW240630_101703,50.2,10.2,1.5000000000000002e-05,0.99,True,False,False
O4b,GW240703_191355,61.2,10.1,1e-05,0.99,False,False,False
O4b,GW240705_053215,81.9,14.0,1e-05,0.99,True,True,True
O4b,GW240716_034900,66.8,12.9,1e-05,0.99,False,False,False
O4b,GW240824_205609,107.0,8.6,0.25,0.96,True,False,False
O4b,GW240825_055146,21.3,10.3,2e-05,0.99,False,False,False
O4b,GW240830_211120,19.8,11.1,1e-05,0.99,False,False,False
O4b,GW240902_143306,42.7,10.6,1e-05,0.99,False,False,False
O4b,GW240907_153833,67.0,9.7,8e-05,0.99,True,False,False
O4b,GW240908_082628,68.0,11.1,1.2e-05,0.99,True,False,False
O4b,GW240908_125134,77.0,8.4,0.29,0.97,False,False,False
O4b,GW240910_103535,17.3,17.8,1e-05,0.99,True,False,False
O4b,GW240915_001357,18.8,15.0,1e-05,0.99,True,False,False
O4b,GW240915_105151,19.4,13.8,1e-05,0.99,False,False,False
O4b,GW240916_184352,18.7,9.8,0.028,0.99,False,False,False
O4b,GW240919_061559,67.8,16.5,1e-05,0.99,True,True,True
O4b,GW240920_073424,38.2,12.6,1e-05,0.99,True,False,False
O4b,GW240920_124024,68.8,36.6,1e-05,0.99,True,True,True
O4b,GW240921_201835,44.8,11.3,1e-05,0.99,False,False,False
O4b,GW240922_142106,19.3,12.1,1e-05,0.99,False,False,False
O4b,GW240923_204006,79.9,11.5,1e-05,0.99,True,False,False
O4b,GW240924_000316,80.0,10.4,2e-05,0.99,True,False,False
O4b,GW240925_005809,16.01,30.6,1e-05,0.99,True,True,True
O4b,GW240930_035959,36.8,15.3,1e-05,0.99,True,False,False
O4b,GW240930_234614,58.0,11.3,0.24,0.98,True,False,False
O4b,GW241002_030559,67.2,11.5,1e-05,0.99,False,False,False
O4b,GW241006_015333,44.9,16.5,1e-05,0.99,True,False,False
O4b,GW241007_082943,63.2,9.5,0.042,0.99,True,False,False
O4b,GW241009_022835,64.0,8.4,0.97,0.99,False,False,False
O4b,GW241009_084816,21.0,11.4,1e-05,0.99,False,False,False
O4b,GW241009_220455,58.9,10.0,0.023,0.99,False,False,False
O4b,GW241011_233834,25.5,34.6,1e-05,0.99,False,False,False
O4b,GW241101_220523,60.2,10.6,0.00055,0.99,False,False,False
O4b,GW241102_124058,19.01,21.0,1e-05,0.99,True,True,True
O4b,GW241102_144729,75.1,11.9,1e-05,0.99,True,False,True
O4b,GW241109_033317,74.0,10.9,0.0013,0.99,False,False,False
O4b,GW241109_115924,12.51,11.8,0.00012,0.99,False,False,False
O4b,GW241110_124123,24.5,10.1,0.00063,0.99,False,False,False
O4b,GW241111_111552,45.4,15.6,1e-05,0.99,True,False,False
O4b,GW241113_163507,33.9,12.5,1e-05,0.99,False,False,False
O4b,GW241114_024711,71.9,10.7,1e-05,0.99,True,False,False
O4b,GW241114_235258,19.1,12.4,1e-05,0.99,False,False,False
O4b,GW241116_151753,99.0,9.0,0.0044,0.99,True,False,False
O4b,GW241124_024914,70.0,8.5,0.78,0.94,False,False,False
O4b,GW241125_010116,106.0,10.0,1.1000000000000001e-05,0.99,True,False,False
O4b,GW241127_061008,85.3,29.8,1e-05,0.99,True,True,True
O4b,GW241129_021832,53.3,16.1,1e-05,0.99,True,True,True
O4b,GW241130_034908,54.2,13.4,1e-05,0.99,True,False,True
O4b,GW241130_110422,17.8,10.3,0.00055,0.99,False,False,False
O4b,GW241201_055758,80.0,8.7,0.83,0.92,False,False,False
O4b,GW241210_060606,50.2,12.4,1e-05,0.99,True,False,False
O4b,GW241210_120900,64.0,8.5,0.28,0.97,False,False,False
O4b,GW241225_042553,20.6,16.5,1e-05,0.99,False,False,False
O4b,GW241225_082815,98.0,17.5,1e-05,0.99,True,True,True
O4b,GW241229_155844,85.0,7.9,0.083,0.99,False,False,False
O4b,GW241230_084504,75.6,11.1,1e-05,0.99,False,False,False
O4b,GW241230_233618,116.0,10.4,0.48,0.95,True,False,False
O4b,GW241231_054133,19.6,17.2,1e-05,0.99,True,False,False
O4b,GW250101_011205,50.8,9.7,0.02,0.99,False,False,False
O4b,GW250104_015122,80.0,11.3,1e-05,0.99,True,False,False
O4b,GW250108_152221,90.0,11.2,0.00015000000000000001,0.99,True,False,True
O4b,GW250109_010541,64.9,12.0,1e-05,0.99,True,False,False
O4b,GW250109_074552,69.2,10.7,0.42,0.95,False,False,False
O4b,GW250114_082203,66.0,76.6,1e-05,0.99,True,True,True
O4b,GW250116_015318,56.0,7.8,0.12,0.99,False,False,False
O4b,GW250118_023225,74.0,9.0,0.0035,0.99,True,False,False
O4b,GW250118_055802,17.5,10.2,0.0089,0.99,False,False,False
O4b,GW250118_170523,67.8,13.3,1e-05,0.99,True,False,True
O4b,GW250119_025138,59.9,14.1,1e-05,0.99,True,False,True
O4b,GW250119_190238,21.64,20.1,1e-05,0.99,True,False,False
